-- Insert users into USERX table
INSERT INTO USERX (ID, ENABLED, FIRST_NAME, LAST_NAME, PASSWORD, USERNAME, CREATE_USER_ID, CREATED_DATE, ROLE)
VALUES (1000, TRUE, 'Admin', 'Istrator', '{bcrypt}$2b$12$gimw81jnsxtcHMBRe6LVe.NZCPf3G2ugUyKqcYwJRlJuN6ubTXkNS', 'admin', NULL, '2024-01-01 00:00:00', 'ADMIN');

INSERT INTO USERX (ID, ENABLED, FIRST_NAME, LAST_NAME, PASSWORD, USERNAME, CREATE_USER_ID, CREATED_DATE, ROLE)
VALUES (2000, TRUE, 'Susi', 'Kaufgern', '{bcrypt}$2b$12$gimw81jnsxtcHMBRe6LVe.NZCPf3G2ugUyKqcYwJRlJuN6ubTXkNS', 'user1', NULL, '2024-01-01 00:00:00', 'MANAGER');

INSERT INTO USERX (ID, ENABLED, FIRST_NAME, LAST_NAME, PASSWORD, USERNAME, CREATE_USER_ID, CREATED_DATE, ROLE)
VALUES (3000, TRUE, 'Max', 'Mustermann', '{bcrypt}$2b$12$gimw81jnsxtcHMBRe6LVe.NZCPf3G2ugUyKqcYwJRlJuN6ubTXkNS', 'user2', NULL, '2024-01-01 00:00:00', 'CUSTOMER');

INSERT INTO USERX (ID, ENABLED, FIRST_NAME, LAST_NAME, PASSWORD, USERNAME, CREATE_USER_ID, CREATED_DATE, ROLE)
VALUES (4000, TRUE, 'Kate', 'Mustermann', '{bcrypt}$2b$12$gimw81jnsxtcHMBRe6LVe.NZCPf3G2ugUyKqcYwJRlJuN6ubTXkNS', 'user3', NULL, '2024-01-01 00:00:00', 'CUSTOMER');

INSERT INTO USERX (ID, ENABLED, FIRST_NAME, LAST_NAME, PASSWORD, USERNAME, CREATE_USER_ID, CREATED_DATE, ROLE)
VALUES (5000, TRUE, 'Elvis', 'The King', '{bcrypt}$2b$12$gimw81jnsxtcHMBRe6LVe.NZCPf3G2ugUyKqcYwJRlJuN6ubTXkNS', 'elvis', NULL, '2024-01-01 00:00:00', 'ADMIN');

-- Update CREATE_USER_ID fields after the initial insert
UPDATE USERX SET CREATE_USER_ID = (SELECT ID FROM USERX WHERE USERNAME = 'admin') WHERE USERNAME = 'admin';
UPDATE USERX SET CREATE_USER_ID = (SELECT ID FROM USERX WHERE USERNAME = 'admin') WHERE USERNAME = 'user1';
UPDATE USERX SET CREATE_USER_ID = (SELECT ID FROM USERX WHERE USERNAME = 'admin') WHERE USERNAME = 'user2';
UPDATE USERX SET CREATE_USER_ID = (SELECT ID FROM USERX WHERE USERNAME = 'elvis') WHERE USERNAME = 'elvis';
UPDATE USERX SET CREATE_USER_ID = (SELECT ID FROM USERX WHERE USERNAME = 'admin') WHERE USERNAME = 'user3';

-- Insert products into the PRODUCT table
INSERT INTO PRODUCT (ID, NAME, PRICE, STOCK, DISCOUNT, DISCOUNTED_PRICE, SHORT_DESCRIPTION, DESCRIPTION, IMAGE_URL, CREATED_DATE, RATING)
VALUES (1000, 'Iphone 15', 580.99, 1, 0, 580.99, 'Apple Iphone 15', 'This is an Apple Iphone 15', 'https://www.apple.com/newsroom/images/2023/09/apple-debuts-iphone-15-and-iphone-15-plus/article/Apple-iPhone-15-lineup-hero-geo-230912_inline.jpg.large_2x.jpg', '2024-01-01 00:00:00', 2.0);

INSERT INTO PRODUCT (ID, NAME, PRICE, STOCK, DISCOUNT, DISCOUNTED_PRICE, SHORT_DESCRIPTION, DESCRIPTION, IMAGE_URL, CREATED_DATE, RATING)
VALUES (2000, 'Iphone 12', 280.99, 9, 0, 280.99,'Apple Iphone 12', 'This is an Apple Iphone 12', 'https://www.apple.com/newsroom/images/product/iphone/geo/apple_iphone-12_2-up_geo_10132020_inline.jpg.large_2x.jpg', '2024-01-01 00:00:00', 3.0);

INSERT INTO PRODUCT (ID, NAME, PRICE, STOCK, DISCOUNT, DISCOUNTED_PRICE, SHORT_DESCRIPTION, DESCRIPTION, IMAGE_URL, CREATED_DATE, RATING)
VALUES (3000, 'Iphone 14', 480.99, 5, 0.3, 336.70,'Apple Iphone 14', 'This is an Apple Iphone 14', 'https://www.apple.com/newsroom/images/product/iphone/geo/Apple-iPhone-14-iPhone-14-Plus-2up-midnight-220907-geo_inline.jpg.large_2x.jpg', '2024-01-01 00:00:00', 2.0);

INSERT INTO PRODUCT (ID, NAME, PRICE, STOCK, DISCOUNT, DISCOUNTED_PRICE, SHORT_DESCRIPTION, DESCRIPTION, IMAGE_URL, CREATED_DATE, RATING)
VALUES (4000, 'Iphone 13', 380.99, 10, 0.1, 342.90,'Apple Iphone 13', 'This is an Apple Iphone 13', 'https://www.apple.com/newsroom/images/product/iphone/geo/Apple_iphone13_hero_geo_09142021_inline.jpg.large_2x.jpg', '2024-01-01 00:00:00', 5.0);

INSERT INTO PRODUCT (ID, NAME, PRICE, STOCK, DISCOUNT, DISCOUNTED_PRICE, SHORT_DESCRIPTION, DESCRIPTION, IMAGE_URL, CREATED_DATE, RATING)
VALUES (5000, 'Iphone 16', 380.99, 4, 0, 380.99,'Apple Iphone 16', 'This is an Apple Iphone 16', 'https://www.apple.com/newsroom/images/2024/09/apple-introduces-iphone-16-and-iphone-16-plus/article/geo/Apple-iPhone-16-hero-geo-240909_inline.jpg.large_2x.jpg', '2024-01-01 00:00:00', 5.0);

INSERT INTO PRODUCT (ID, NAME, PRICE, STOCK, DISCOUNT, DISCOUNTED_PRICE, SHORT_DESCRIPTION, DESCRIPTION, IMAGE_URL, CREATED_DATE, RATING)
VALUES (6000, 'Iphone 17', 380.99, 4, 0, 380.99,'Apple Iphone 17', 'This is an Apple Iphone 17', 'https://www.apple.com/newsroom/images/2025/09/apple-debuts-iphone-17/geo/article/Apple-iPhone-17-hero-250909_inline.jpg.large_2x.jpg', '2024-01-01 00:00:00', 5.0);

-- Insert Orders for User2
INSERT INTO ORDERS (ID, USER_ID, STATUS, SUM, CREATED_DATE)
VALUES (1000, (SELECT ID FROM USERX WHERE USERNAME = 'user2'),'DELIVERED',917.68,'2024-02-15 14:30:00');

INSERT INTO ORDER_ITEM (ID, ORDER_ID, PRODUCT_ID, QUANTITY, NAME, TOTAL)
VALUES(1000, 1000, 1000, 1, 'Item1', 580.99),
    (1100, 1000, 3000, 1, 'Item2', 336.69);

INSERT INTO ORDERS (ID, USER_ID, STATUS, SUM, CREATED_DATE)
VALUES (5000, (SELECT ID FROM USERX WHERE USERNAME = 'user2'),'SHIPPED', 559,'2024-08-02 11:00:00');

INSERT INTO ORDER_ITEM (ID, ORDER_ID, PRODUCT_ID, QUANTITY, NAME, TOTAL)
VALUES(2000, 5000, 5000, 1, 'Item3', 380.99);

INSERT INTO ORDERS (ID, USER_ID, STATUS, SUM, CREATED_DATE)
VALUES (3000, (SELECT ID FROM USERX WHERE USERNAME = 'user2'),'CANCELLED',280.99,'2024-03-02 11:00:00');

INSERT INTO ORDER_ITEM (ID, ORDER_ID, PRODUCT_ID, QUANTITY, NAME, TOTAL)
VALUES(3000, 3000, 2000, 1, 'Item4', 200);

INSERT INTO ORDERS (ID, USER_ID, STATUS, SUM, CREATED_DATE)
VALUES (6000, (SELECT ID FROM USERX WHERE USERNAME = 'user2'),'PAID',600,'2026-01-17 18:51:00');

INSERT INTO ORDER_ITEM (ID, ORDER_ID, PRODUCT_ID, QUANTITY, NAME, TOTAL)
VALUES(4000, 6000, 2000, 3, 'Item4', 200);

-- Insert reviews into the REVIEW table
-- Reviews for Iphone 15 (ID: 1000) - Avg Rating in Product table is 2.0
INSERT INTO REVIEW (ID, PRODUCT_ID, AUTHOR_ID, RATING, TITLE, COMMENT, CREATED_DATE)
VALUES (1000, 1000, 2000, 1, 'Overheating issues', 'The phone gets really hot after 10 minutes of use.', '2024-01-10 10:00:00');

INSERT INTO REVIEW (ID, PRODUCT_ID, AUTHOR_ID, RATING, TITLE, COMMENT, CREATED_DATE)
VALUES (2000, 1000, 3000, 3, 'It is okay', 'Not much different from the previous version.', '2024-01-12 14:30:00');

-- Reviews for Iphone 12 (ID: 2000) - Avg Rating in Product table is 3.0
INSERT INTO REVIEW (ID, PRODUCT_ID, AUTHOR_ID, RATING, TITLE, COMMENT, CREATED_DATE)
VALUES (3000, 2000, 4000, 3, 'Good budget option', 'Good value for money now that the price dropped.', '2024-01-15 09:00:00');

-- Reviews for Iphone 13 (ID: 4000) - Avg Rating in Product table is 5.0
INSERT INTO REVIEW (ID, PRODUCT_ID, AUTHOR_ID, RATING, TITLE, COMMENT, CREATED_DATE)
VALUES (4000, 4000, 2000, 5, 'Perfect', 'Battery life is amazing and the camera is great.', '2024-01-20 18:15:00');

INSERT INTO REVIEW (ID, PRODUCT_ID, AUTHOR_ID, RATING, TITLE, COMMENT, CREATED_DATE)
VALUES (5000, 4000, 4000, 5, 'Love it', 'Best phone I have ever owned. Elvis approves.', '2024-01-21 11:45:00');

-- Review for Iphone 14 (ID: 3000) - Avg Rating in Product table is 2.0
INSERT INTO REVIEW (ID, PRODUCT_ID, AUTHOR_ID, RATING, TITLE, COMMENT, CREATED_DATE)
VALUES (6000, 3000, 3000, 2, 'Meh', 'I should have bought the 13 or waited for the 15.', '2024-01-25 16:20:00');


-- Insert into ADDRESS
INSERT INTO ADDRESS (ID, STREET, NUMBER, POSTAL_CODE, CITY, COUNTRY, USER_ID)
VALUES (1000, 'boulevard', '23', '12345', 'Innsbruck', 'Austria', (SELECT ID FROM USERX WHERE USERNAME = 'user2'));

UPDATE ORDERS SET SHIPPING_ADDRESS_ID = 1000, PAYMENT_ADDRESS_ID = 1000 WHERE ID = 1000;

-- Insert into Product_Subscription
INSERT INTO PRODUCT_SUBSCRIPTION (ID, PRODUCT_ID, USER_ID)
VALUES (1000, 1000, 3000);

-- Insert into Product_Subscription_Notify_On
INSERT INTO PRODUCT_SUBSCRIPTION_NOTIFY_ON (PRODUCT_SUBSCRIPTION_ID, EVENT_TYPE)
VALUES (1000, 'BACK_IN_STOCK'),
       (1000, 'FOR_SALE');