-- Insert users into USERX table
INSERT INTO USERX (ID, ENABLED, FIRST_NAME, LAST_NAME, PASSWORD, USERNAME, CREATE_USER_ID, CREATE_DATE) 
VALUES (1000, TRUE, 'Admin', 'Istrator', 'passwd', 'admin', 1000, '2024-01-01 00:00:00');

INSERT INTO USERX (ID, ENABLED, FIRST_NAME, LAST_NAME, PASSWORD, USERNAME, CREATE_USER_ID, CREATE_DATE)
VALUES (2000, TRUE, 'Susi', 'Kaufgern', 'passwd', 'user1', 1000, '2024-01-01 00:00:00');

INSERT INTO USERX (ID, ENABLED, FIRST_NAME, LAST_NAME, PASSWORD, USERNAME, CREATE_USER_ID, CREATE_DATE) 
VALUES (3000, TRUE, 'Max', 'Mustermann', 'passwd', 'user2', 1000, '2024-01-01 00:00:00');

INSERT INTO USERX (ID, ENABLED, FIRST_NAME, LAST_NAME, PASSWORD, USERNAME, CREATE_USER_ID, CREATE_DATE) 
VALUES (4000, TRUE, 'Elvis', 'The King', 'passwd', 'elvis', 1000, '2024-01-01 00:00:00');

INSERT INTO USERX (ID, ENABLED, FIRST_NAME, LAST_NAME, PASSWORD, USERNAME, CREATE_USER_ID, CREATE_DATE)
VALUES (5000, TRUE, 'Man', 'Ager', 'passwd', 'manager', 1000, '2024-01-01 00:00:00');

INSERT INTO USERX (ID, ENABLED, FIRST_NAME, LAST_NAME, USERNAME, PASSWORD, CREATE_USER_ID, CREATE_DATE)
VALUES (6000, TRUE, 'Jonny', 'Denber', 'jonny', '$2a$10$xyz...', 1000, '2024-01-01 00:00:00');

INSERT INTO USERX (ID, ENABLED, FIRST_NAME, LAST_NAME, PASSWORD, USERNAME, CREATE_USER_ID, CREATE_DATE)
VALUES (7000, TRUE, 'Admin2', 'Istrator', 'passwd', 'admin2', 1000, '2024-01-01 00:00:00');

-- Insert roles into USERX_USERX_ROLE table by looking up the corresponding user ID
INSERT INTO USERX_USERX_ROLE (USERX_ID, ROLES) 
VALUES ((SELECT ID FROM USERX WHERE USERNAME = 'admin'), 'ADMIN');

INSERT INTO USERX_USERX_ROLE (USERX_ID, ROLES) 
VALUES ((SELECT ID FROM USERX WHERE USERNAME = 'user1'), 'MANAGER');

INSERT INTO USERX_USERX_ROLE (USERX_ID, ROLES) 
VALUES ((SELECT ID FROM USERX WHERE USERNAME = 'user1'), 'CUSTOMER');

INSERT INTO USERX_USERX_ROLE (USERX_ID, ROLES) 
VALUES ((SELECT ID FROM USERX WHERE USERNAME = 'user2'), 'CUSTOMER');

INSERT INTO USERX_USERX_ROLE (USERX_ID, ROLES) 
VALUES ((SELECT ID FROM USERX WHERE USERNAME = 'elvis'), 'ADMIN');

INSERT INTO USERX_USERX_ROLE (USERX_ID, ROLES) 
VALUES ((SELECT ID FROM USERX WHERE USERNAME = 'elvis'), 'CUSTOMER');

INSERT INTO USERX_USERX_ROLE (USERX_ID, ROLES)
VALUES ((SELECT ID FROM USERX WHERE USERNAME = 'manager'), 'MANAGER');

INSERT INTO USERX_USERX_ROLE (USERX_ID, ROLES)
VALUES ((SELECT ID FROM USERX WHERE USERNAME = 'jonny'), 'CUSTOMER');

INSERT INTO USERX_USERX_ROLE (USERX_ID, ROLES)
VALUES ((SELECT ID FROM USERX WHERE USERNAME = 'admin2'), 'ADMIN');

-- Insert into ADDRESS
INSERT INTO ADDRESS (ID, STREET, NUMBER, POSTAL_CODE, CITY, COUNTRY, USER_ID)
VALUES (1000, 'boulevard', '23', '12345', 'INNSBRUCK', 'AUSTRIA', 5000);

UPDATE USERX SET SHIPPING_ADDRESS_ID = 1000, PAYMENT_ADDRESS_ID = 1000 WHERE ID = 5000;

-- Insert products into the PRODUCT table
INSERT INTO PRODUCT (ID, NAME, PRICE, STOCK, DISCOUNT, SHORT_DESCRIPTION, DESCRIPTION, IMAGE_URL, CREATED_DATE, RATING)
VALUES (1000, 'Iphone 15', 580.99, 1, 0, 'Apple Iphone 15', 'This is an Apple Iphone 15', 'https://www.google.com/', '2024-01-01 00:00:00', 2.0);

INSERT INTO PRODUCT (ID, NAME, PRICE, STOCK, DISCOUNT, SHORT_DESCRIPTION, DESCRIPTION, IMAGE_URL, CREATED_DATE, RATING)
VALUES (2000, 'Iphone 12', 280.99, 9, 0, 'Apple Iphone 12', 'This is an Apple Iphone 12', 'https://www.google.com/', '2024-01-01 00:00:00', 3.0);

INSERT INTO PRODUCT (ID, NAME, PRICE, STOCK, DISCOUNT, SHORT_DESCRIPTION, DESCRIPTION, IMAGE_URL, CREATED_DATE, RATING)
VALUES (3000, 'Iphone 14', 480.99, 5, 0.3, 'Apple Iphone 14', 'This is an Apple Iphone 14', 'https://www.google.com/', '2024-01-01 00:00:00', 2.0);

INSERT INTO PRODUCT (ID, NAME, PRICE, STOCK, DISCOUNT, SHORT_DESCRIPTION, DESCRIPTION, IMAGE_URL, CREATED_DATE, RATING)
VALUES (4000, 'Iphone 13', 380.99, 10, 0.1, 'Apple Iphone 13', 'This is an Apple Iphone 13', 'https://www.google.com/', '2024-01-01 00:00:00', 5.0);

INSERT INTO PRODUCT (ID, NAME, PRICE, STOCK, DISCOUNT, SHORT_DESCRIPTION, DESCRIPTION, IMAGE_URL, CREATED_DATE, RATING)
VALUES (5000, 'Iphone 16', 380.99, 4, 0, 'Apple Iphone 10', 'This is an Apple Iphone 13', 'https://www.google.com/', '2024-01-01 00:00:00', 5.0);

INSERT INTO PRODUCT (ID, NAME, PRICE, STOCK, DISCOUNT, SHORT_DESCRIPTION, DESCRIPTION, IMAGE_URL, CREATED_DATE, RATING)
VALUES (6000, 'Iphone 17', 380.99, 4, 0, 'Apple Iphone 9', 'This is an Apple Iphone 13', 'https://www.google.com/', '2024-01-01 00:00:00', 5.0);

-- Insert reviews into the REVIEW table
-- Reviews for Iphone 15 (ID: 1000) - Avg Rating in Product table is 2.0
INSERT INTO REVIEW (ID, PRODUCT_ID, AUTHOR_ID, RATING, TITLE, COMMENT, CREATED_DATE)
VALUES (1000, 1000, 2000, 1, 'Overheating issues', 'The phone gets really hot after 10 minutes of use.', '2024-01-10 10:00:00');

INSERT INTO REVIEW (ID, PRODUCT_ID, AUTHOR_ID, RATING, TITLE, COMMENT, CREATED_DATE)
VALUES (2000, 1000, 3000, 3, 'It is okay', 'Not much different from the previous version.', '2024-01-12 14:30:00');

-- Reviews for Iphone 12 (ID: 2000) - Avg Rating in Product table is 3.0
INSERT INTO REVIEW (ID, PRODUCT_ID, AUTHOR_ID, RATING, TITLE, COMMENT, CREATED_DATE)
VALUES (3000, 2000, 4000, 3, 'Good budget option', 'Good value for money now that the price dropped.', '2024-01-15 09:00:00');

-- Reviews for Iphone 13 (ID: 4000) - Avg Rating in Product table is 5.0
INSERT INTO REVIEW (ID, PRODUCT_ID, AUTHOR_ID, RATING, TITLE, COMMENT, CREATED_DATE)
VALUES (4000, 4000, 2000, 5, 'Perfect', 'Battery life is amazing and the camera is great.', '2024-01-20 18:15:00');

INSERT INTO REVIEW (ID, PRODUCT_ID, AUTHOR_ID, RATING, TITLE, COMMENT, CREATED_DATE)
VALUES (5000, 4000, 4000, 5, 'Love it', 'Best phone I have ever owned. Elvis approves.', '2024-01-21 11:45:00');

-- Review for Iphone 14 (ID: 3000) - Avg Rating in Product table is 2.0
INSERT INTO REVIEW (ID, PRODUCT_ID, AUTHOR_ID, RATING, TITLE, COMMENT, CREATED_DATE)
VALUES (6000, 3000, 3000, 2, 'Meh', 'I should have bought the 13 or waited for the 15.', '2024-01-25 16:20:00');

-- Insert CartItems into the CART_ITEM table
-- Cart Items for User 2000 (Susi)
INSERT INTO CART_ITEM (ID, PRODUCT_ID, USER_ID, QUANTITY)
VALUES (1000, 1000, 2000, 1); -- iPhone 15

INSERT INTO CART_ITEM (ID, PRODUCT_ID, USER_ID, QUANTITY)
VALUES (2000, 4000, 2000, 1); -- iPhone 13

INSERT INTO CART_ITEM (ID, USER_ID, PRODUCT_ID, QUANTITY)
VALUES (3000, 2000, 6000, 6);

-- Cart Items for User 3000 (Max)
INSERT INTO CART_ITEM (ID, PRODUCT_ID, USER_ID, QUANTITY)
VALUES (4000, 2000, 3000, 1); -- iPhone 12

-- Cart Items for User 4000 (Elvis)
INSERT INTO CART_ITEM (ID, PRODUCT_ID, USER_ID, QUANTITY)
VALUES (5000, 1000, 4000, 5); -- 5x iPhone 15

-- Cart Items for User 6000 (Jonny)
INSERT INTO CART_ITEM (ID, USER_ID, PRODUCT_ID, QUANTITY)
VALUES (6000, 6000, 5000, 3);

-- Insert into ORDERS
INSERT INTO ORDERS (ID, USER_ID, STATUS, SUM, CREATED_DATE)
VALUES (9000, 5000, 'PENDING', 100.00, CURRENT_TIMESTAMP);

INSERT INTO ORDERS (ID, USER_ID, STATUS, SUM, CREATED_DATE)
VALUES (8000, 5000, 'PENDING_PAYMENT', 100.00, CURRENT_TIMESTAMP);

INSERT INTO ORDERS (ID, USER_ID, STATUS, SUM, CREATED_DATE)
VALUES (7000, 4000, 'CANCELLED', 100.00, CURRENT_TIMESTAMP);

-- Insert into Order_Item
INSERT INTO ORDER_ITEM (ID, ORDER_ID, PRODUCT_ID, QUANTITY, NAME, TOTAL)
VALUES (9000, 9000, 5000, 2, 'Storno-Produkt', 50.0);

